[{"created_at":"Thu Mar 29 18:14:37 +0000 2018","id":979421587249205200,"id_str":"979421587249205253","text":"😶 https://t.co/Kj4wN5542E","display_text_range":[0,1],"source":"<a href=\"http://twitter.com\" rel=\"nofollow\">Twitter Web Client</a>","truncated":false,"in_reply_to_status_id":null,"in_reply_to_status_id_str":null,"in_reply_to_user_id":null,"in_reply_to_user_id_str":null,"in_reply_to_screen_name":null,"user":{"id":16072443,"id_str":"16072443","name":"amy koehler🌊🌊🌊","screen_name":"amykoehler","location":"NJ","url":null,"description":"Mum of @tcnj equestrian & @guhoyasmsoccer. @CNN, @CSPAN alum. Disability advocate. #playunified Via NY-MD-DC-VA-GA & now...","translator_type":"none","protected":false,"verified":false,"followers_count":2112,"friends_count":1090,"listed_count":141,"favourites_count":54309,"statuses_count":46833,"created_at":"Sun Aug 31 23:26:32 +0000 2008","utc_offset":-14400,"time_zone":"Eastern Time (US & Canada)","geo_enabled":true,"lang":"en","contributors_enabled":false,"is_translator":false,"profile_background_color":"FFFFFF","profile_background_image_url":"http://pbs.twimg.com/profile_background_images/687872718/0b5ab1792bdd85841848a0ae6bab1ff7.jpeg","profile_background_image_url_https":"https://pbs.twimg.com/profile_background_images/687872718/0b5ab1792bdd85841848a0ae6bab1ff7.jpeg","profile_background_tile":true,"profile_link_color":"1B95E0","profile_sidebar_border_color":"FFFFFF","profile_sidebar_fill_color":"DDFFCD","profile_text_color":"333333","profile_use_background_image":true,"profile_image_url":"http://pbs.twimg.com/profile_images/871758305114247168/j9mFlZaD_normal.jpg","profile_image_url_https":"https://pbs.twimg.com/profile_images/871758305114247168/j9mFlZaD_normal.jpg","profile_banner_url":"https://pbs.twimg.com/profile_banners/16072443/1522017027","default_profile":false,"default_profile_image":false,"following":null,"follow_request_sent":null,"notifications":null},"geo":null,"coordinates":null,"place":null,"contributors":null,"quoted_status_id":979421254204698600,"quoted_status_id_str":"979421254204698626","quoted_status":{"created_at":"Thu Mar 29 18:13:18 +0000 2018","id":979421254204698600,"id_str":"979421254204698626","text":"Trump: \"We started buliding our wall, I'm so proud of it...you saw the pictures yesterday, what a thing of beauty.”… https://t.co/bY4Ti0rsbY","source":"<a href=\"https://about.twitter.com/products/tweetdeck\" rel=\"nofollow\">TweetDeck</a>","truncated":true,"in_reply_to_status_id":null,"in_reply_to_status_id_str":null,"in_reply_to_user_id":null,"in_reply_to_user_id_str":null,"in_reply_to_screen_name":null,"user":{"id":250492272,"id_str":"250492272","name":"Igor Bobic","screen_name":"igorbobic","location":"Washington, D.C.","url":"http://huffpost.com/igor-bobic","description":"Politics reporter at HuffPost. California raised, Bosnia born. Former Chargers fan. igor.bobic@huffpost.com","translator_type":"none","protected":false,"verified":true,"followers_count":30057,"friends_count":999,"listed_count":1023,"favourites_count":28008,"statuses_count":79347,"created_at":"Fri Feb 11 05:44:35 +0000 2011","utc_offset":-14400,"time_zone":"Eastern Time (US & Canada)","geo_enabled":true,"lang":"en","contributors_enabled":false,"is_translator":false,"profile_background_color":"022330","profile_background_image_url":"http://abs.twimg.com/images/themes/theme15/bg.png","profile_background_image_url_https":"https://abs.twimg.com/images/themes/theme15/bg.png","profile_background_tile":false,"profile_link_color":"0084B4","profile_sidebar_border_color":"A8C7F7","profile_sidebar_fill_color":"C0DFEC","profile_text_color":"333333","profile_use_background_image":true,"profile_image_url":"http://pbs.twimg.com/profile_images/897454222844854272/gm_An6Ue_normal.jpg","profile_image_url_https":"https://pbs.twimg.com/profile_images/897454222844854272/gm_An6Ue_normal.jpg","profile_banner_url":"https://pbs.twimg.com/profile_banners/250492272/1464274690","default_profile":false,"default_profile_image":false,"following":null,"follow_request_sent":null,"notifications":null},"geo":null,"coordinates":null,"place":null,"contributors":null,"is_quote_status":false,"extended_tweet":{"full_text":"Trump: \"We started buliding our wall, I'm so proud of it...you saw the pictures yesterday, what a thing of beauty.”\n\nA fence is being built. Not Trump’s wall.","display_text_range":[0,158],"entities":{"hashtags":[],"urls":[],"user_mentions":[],"symbols":[]}},"quote_count":1,"reply_count":2,"retweet_count":7,"favorite_count":10,"entities":{"hashtags":[],"urls":[{"url":"https://t.co/bY4Ti0rsbY","expanded_url":"https://twitter.com/i/web/status/979421254204698626","display_url":"twitter.com/i/web/status/9…","indices":[117,140]}],"user_mentions":[],"symbols":[]},"favorited":false,"retweeted":false,"filter_level":"low","lang":"en"},"is_quote_status":true,"quote_count":0,"reply_count":0,"retweet_count":0,"favorite_count":0,"entities":{"hashtags":[],"urls":[{"url":"https://t.co/Kj4wN5542E","expanded_url":"https://twitter.com/igorbobic/status/979421254204698626","display_url":"twitter.com/igorbobic/stat…","indices":[2,25]}],"user_mentions":[],"symbols":[]},"favorited":false,"retweeted":false,"possibly_sensitive":false,"filter_level":"low","lang":"und","timestamp_ms":"1522347277830"}]