[{"created_at":"Thu Mar 29 18:24:33 +0000 2018","id":979424086202961900,"id_str":"979424086202961920","text":"RT @kurteichenwald: GOPrs went insane when @kathygriffin did an over-the-line joke about something that never happened. But they cheer &amp; do…","source":"<a href=\"http://twitter.com/#!/download/ipad\" rel=\"nofollow\">Twitter for iPad</a>","truncated":false,"in_reply_to_status_id":null,"in_reply_to_status_id_str":null,"in_reply_to_user_id":null,"in_reply_to_user_id_str":null,"in_reply_to_screen_name":null,"user":{"id":1210098278,"id_str":"1210098278","name":"Christine Caston","screen_name":"CastonChris","location":"Chicago, Illinois","url":null,"description":null,"translator_type":"none","protected":false,"verified":false,"followers_count":1841,"friends_count":684,"listed_count":186,"favourites_count":623,"statuses_count":256820,"created_at":"Fri Feb 22 23:44:03 +0000 2013","utc_offset":-14400,"time_zone":"Eastern Time (US & Canada)","geo_enabled":true,"lang":"en","contributors_enabled":false,"is_translator":false,"profile_background_color":"C0DEED","profile_background_image_url":"http://abs.twimg.com/images/themes/theme1/bg.png","profile_background_image_url_https":"https://abs.twimg.com/images/themes/theme1/bg.png","profile_background_tile":false,"profile_link_color":"1DA1F2","profile_sidebar_border_color":"C0DEED","profile_sidebar_fill_color":"DDEEF6","profile_text_color":"333333","profile_use_background_image":true,"profile_image_url":"http://pbs.twimg.com/profile_images/3301483331/2f118dc32276578406f1d1cc2138d9ee_normal.jpeg","profile_image_url_https":"https://pbs.twimg.com/profile_images/3301483331/2f118dc32276578406f1d1cc2138d9ee_normal.jpeg","default_profile":true,"default_profile_image":false,"following":null,"follow_request_sent":null,"notifications":null},"geo":null,"coordinates":null,"place":null,"contributors":null,"retweeted_status":{"created_at":"Thu Mar 29 18:07:23 +0000 2018","id":979419764727697400,"id_str":"979419764727697408","text":"GOPrs went insane when @kathygriffin did an over-the-line joke about something that never happened. But they cheer… https://t.co/jaXSHd1kLU","source":"<a href=\"http://twitter.com\" rel=\"nofollow\">Twitter Web Client</a>","truncated":true,"in_reply_to_status_id":null,"in_reply_to_status_id_str":null,"in_reply_to_user_id":null,"in_reply_to_user_id_str":null,"in_reply_to_screen_name":null,"user":{"id":215207998,"id_str":"215207998","name":"Kurt Eichenwald","screen_name":"kurteichenwald","location":null,"url":"http://www.kurteichenwald.com","description":"Contributing editor, Vanity Fair; MSNBC Contributor, New York Times bestselling author.","translator_type":"none","protected":false,"verified":true,"followers_count":454269,"friends_count":1684,"listed_count":5706,"favourites_count":64,"statuses_count":64697,"created_at":"Sat Nov 13 08:33:44 +0000 2010","utc_offset":-18000,"time_zone":"Central Time (US & Canada)","geo_enabled":false,"lang":"en","contributors_enabled":false,"is_translator":false,"profile_background_color":"C0DEED","profile_background_image_url":"http://pbs.twimg.com/profile_background_images/534082434044657668/LAFcUlu6.jpeg","profile_background_image_url_https":"https://pbs.twimg.com/profile_background_images/534082434044657668/LAFcUlu6.jpeg","profile_background_tile":true,"profile_link_color":"0084B4","profile_sidebar_border_color":"FFFFFF","profile_sidebar_fill_color":"DDEEF6","profile_text_color":"333333","profile_use_background_image":true,"profile_image_url":"http://pbs.twimg.com/profile_images/826227298277879808/kFQxCZH-_normal.jpg","profile_image_url_https":"https://pbs.twimg.com/profile_images/826227298277879808/kFQxCZH-_normal.jpg","profile_banner_url":"https://pbs.twimg.com/profile_banners/215207998/1516662797","default_profile":false,"default_profile_image":false,"following":null,"follow_request_sent":null,"notifications":null},"geo":null,"coordinates":null,"place":null,"contributors":null,"is_quote_status":false,"extended_tweet":{"full_text":"GOPrs went insane when @kathygriffin did an over-the-line joke about something that never happened. But they cheer &amp; don't care that ANOTHER comic, @therealroseanne, burned symbols of people in an oven while dressed as Hitler. JUST because she supports Trump. Our country is gone.","display_text_range":[0,284],"entities":{"hashtags":[],"urls":[],"user_mentions":[{"screen_name":"kathygriffin","name":"Kathy Griffin","id":21148293,"id_str":"21148293","indices":[23,36]},{"screen_name":"therealroseanne","name":"Roseanne Barr","id":273542042,"id_str":"273542042","indices":[152,168]}],"symbols":[]}},"quote_count":6,"reply_count":48,"retweet_count":220,"favorite_count":484,"entities":{"hashtags":[],"urls":[{"url":"https://t.co/jaXSHd1kLU","expanded_url":"https://twitter.com/i/web/status/979419764727697408","display_url":"twitter.com/i/web/status/9…","indices":[116,139]}],"user_mentions":[{"screen_name":"kathygriffin","name":"Kathy Griffin","id":21148293,"id_str":"21148293","indices":[23,36]}],"symbols":[]},"favorited":false,"retweeted":false,"filter_level":"low","lang":"en"},"is_quote_status":false,"quote_count":0,"reply_count":0,"retweet_count":0,"favorite_count":0,"entities":{"hashtags":[],"urls":[],"user_mentions":[{"screen_name":"kurteichenwald","name":"Kurt Eichenwald","id":215207998,"id_str":"215207998","indices":[3,18]},{"screen_name":"kathygriffin","name":"Kathy Griffin","id":21148293,"id_str":"21148293","indices":[43,56]}],"symbols":[]},"favorited":false,"retweeted":false,"filter_level":"low","lang":"en","timestamp_ms":"1522347873627"}]