[{"created_at":"Thu Mar 01 20:25:59 +0000 2018","id":969307784146636800,"id_str":"969307784146636800","text":"@TreehouseDarren  I am here!!! Jumping on twitter just fast enough to let you know I’m listening, taking a much nee… https://t.co/3XXjB0wopP","source":"<a href=\"http://twitterrific.com\" rel=\"nofollow\">Twitterrific for Mac</a>","truncated":true,"in_reply_to_status_id":null,"in_reply_to_status_id_str":null,"in_reply_to_user_id":2758487688,"in_reply_to_user_id_str":"2758487688","in_reply_to_screen_name":"TreehouseDarren","user":{"id":14664947,"id_str":"14664947","name":"Shannon.","screen_name":"shazza59","location":"NV ","url":null,"description":"Mother, avid reader, rhino/elephant conservation, Christian, member of Sweet Adelines, Agent Pendergast books, fun loving, Baseball.","translator_type":"none","protected":false,"verified":false,"followers_count":329,"friends_count":287,"listed_count":32,"favourites_count":203,"statuses_count":103391,"created_at":"Mon May 05 21:07:13 +0000 2008","utc_offset":-28800,"time_zone":"Pacific Time (US & Canada)","geo_enabled":false,"lang":"en","contributors_enabled":false,"is_translator":false,"profile_background_color":"C0DEED","profile_background_image_url":"http://pbs.twimg.com/profile_background_images/185884439/Shannon_Drives.jpg","profile_background_image_url_https":"https://pbs.twimg.com/profile_background_images/185884439/Shannon_Drives.jpg","profile_background_tile":false,"profile_link_color":"0084B4","profile_sidebar_border_color":"C0DEED","profile_sidebar_fill_color":"DDEEF6","profile_text_color":"333333","profile_use_background_image":true,"profile_image_url":"http://pbs.twimg.com/profile_images/619515369867186176/S8Rhq4hB_normal.jpg","profile_image_url_https":"https://pbs.twimg.com/profile_images/619515369867186176/S8Rhq4hB_normal.jpg","profile_banner_url":"https://pbs.twimg.com/profile_banners/14664947/1507503036","default_profile":false,"default_profile_image":false,"following":null,"follow_request_sent":null,"notifications":null},"geo":null,"coordinates":null,"place":null,"contributors":null,"is_quote_status":false,"extended_tweet":{"full_text":"@TreehouseDarren  I am here!!! Jumping on twitter just fast enough to let you know I’m listening, taking a much needed break from it. Great stuff, love me that acapella!","display_text_range":[0,169],"entities":{"hashtags":[],"urls":[],"user_mentions":[{"screen_name":"TreehouseDarren","name":"Darren Hartland","id":2758487688,"id_str":"2758487688","indices":[0,16]}],"symbols":[]}},"quote_count":0,"reply_count":0,"retweet_count":0,"favorite_count":0,"entities":{"hashtags":[],"urls":[{"url":"https://t.co/3XXjB0wopP","expanded_url":"https://twitter.com/i/web/status/969307784146636800","display_url":"twitter.com/i/web/status/9…","indices":[117,140]}],"user_mentions":[{"screen_name":"TreehouseDarren","name":"Darren Hartland","id":2758487688,"id_str":"2758487688","indices":[0,16]}],"symbols":[]},"favorited":false,"retweeted":false,"filter_level":"low","lang":"en","timestamp_ms":"1519935959265"}]