[{"created_at":"Wed Mar 07 22:07:08 +0000 2018","id":971507566155935700,"id_str":"971507566155935745","text":"RT @SenWarren: The fight over the #BankLobbyistAct isn’t over yet. I’ll do whatever I can to convince enough senators that this is a bad de…","source":"<a href=\"http://twitter.com/download/iphone\" rel=\"nofollow\">Twitter for iPhone</a>","truncated":false,"in_reply_to_status_id":null,"in_reply_to_status_id_str":null,"in_reply_to_user_id":null,"in_reply_to_user_id_str":null,"in_reply_to_screen_name":null,"user":{"id":159236242,"id_str":"159236242","name":"xrvxvd1l38ra1n","screen_name":"crocodilebrainz","location":null,"url":null,"description":null,"translator_type":"none","protected":false,"verified":false,"followers_count":587,"friends_count":2846,"listed_count":14,"favourites_count":36813,"statuses_count":36479,"created_at":"Thu Jun 24 21:01:30 +0000 2010","utc_offset":-21600,"time_zone":"Central Time (US & Canada)","geo_enabled":true,"lang":"en","contributors_enabled":false,"is_translator":false,"profile_background_color":"000000","profile_background_image_url":"http://pbs.twimg.com/profile_background_images/537418670578741249/hhXXgbh-.jpeg","profile_background_image_url_https":"https://pbs.twimg.com/profile_background_images/537418670578741249/hhXXgbh-.jpeg","profile_background_tile":true,"profile_link_color":"000000","profile_sidebar_border_color":"C0DEED","profile_sidebar_fill_color":"DDEEF6","profile_text_color":"333333","profile_use_background_image":true,"profile_image_url":"http://pbs.twimg.com/profile_images/680120291293442048/N2uGs490_normal.jpg","profile_image_url_https":"https://pbs.twimg.com/profile_images/680120291293442048/N2uGs490_normal.jpg","profile_banner_url":"https://pbs.twimg.com/profile_banners/159236242/1416965766","default_profile":false,"default_profile_image":false,"following":null,"follow_request_sent":null,"notifications":null},"geo":null,"coordinates":null,"place":null,"contributors":null,"retweeted_status":{"created_at":"Wed Mar 07 15:50:20 +0000 2018","id":971412740760899600,"id_str":"971412740760899588","text":"The fight over the #BankLobbyistAct isn’t over yet. I’ll do whatever I can to convince enough senators that this is… https://t.co/HeJdfjZ02E","source":"<a href=\"http://twitter.com\" rel=\"nofollow\">Twitter Web Client</a>","truncated":true,"in_reply_to_status_id":null,"in_reply_to_status_id_str":null,"in_reply_to_user_id":null,"in_reply_to_user_id_str":null,"in_reply_to_screen_name":null,"user":{"id":970207298,"id_str":"970207298","name":"Elizabeth Warren","screen_name":"SenWarren","location":null,"url":"http://warren.senate.gov","description":"Official twitter account of Senator Elizabeth Warren of Massachusetts.","translator_type":"none","protected":false,"verified":true,"followers_count":4257596,"friends_count":260,"listed_count":13887,"favourites_count":8,"statuses_count":2910,"created_at":"Sun Nov 25 15:14:27 +0000 2012","utc_offset":-18000,"time_zone":"Eastern Time (US & Canada)","geo_enabled":false,"lang":"en","contributors_enabled":false,"is_translator":false,"profile_background_color":"C0DEED","profile_background_image_url":"http://abs.twimg.com/images/themes/theme1/bg.png","profile_background_image_url_https":"https://abs.twimg.com/images/themes/theme1/bg.png","profile_background_tile":false,"profile_link_color":"1DA1F2","profile_sidebar_border_color":"C0DEED","profile_sidebar_fill_color":"DDEEF6","profile_text_color":"333333","profile_use_background_image":true,"profile_image_url":"http://pbs.twimg.com/profile_images/722044174799777792/bXaodRhx_normal.jpg","profile_image_url_https":"https://pbs.twimg.com/profile_images/722044174799777792/bXaodRhx_normal.jpg","default_profile":true,"default_profile_image":false,"following":null,"follow_request_sent":null,"notifications":null},"geo":null,"coordinates":null,"place":null,"contributors":null,"is_quote_status":false,"extended_tweet":{"full_text":"The fight over the #BankLobbyistAct isn’t over yet. I’ll do whatever I can to convince enough senators that this is a bad deal for American families. We cannot turn over the keys to our economy to the same people who crashed it ten years ago. https://t.co/1gc6b3xAFo","display_text_range":[0,266],"entities":{"hashtags":[{"text":"BankLobbyistAct","indices":[19,35]}],"urls":[{"url":"https://t.co/1gc6b3xAFo","expanded_url":"http://www.masslive.com/politics/index.ssf/2018/03/us_sen_elizabeth_warren_decrie.html","display_url":"masslive.com/politics/index…","indices":[243,266]}],"user_mentions":[],"symbols":[]}},"quote_count":70,"reply_count":225,"retweet_count":1538,"favorite_count":4599,"entities":{"hashtags":[{"text":"BankLobbyistAct","indices":[19,35]}],"urls":[{"url":"https://t.co/HeJdfjZ02E","expanded_url":"https://twitter.com/i/web/status/971412740760899588","display_url":"twitter.com/i/web/status/9…","indices":[117,140]}],"user_mentions":[],"symbols":[]},"favorited":false,"retweeted":false,"possibly_sensitive":false,"filter_level":"low","lang":"en"},"is_quote_status":false,"quote_count":0,"reply_count":0,"retweet_count":0,"favorite_count":0,"entities":{"hashtags":[{"text":"BankLobbyistAct","indices":[34,50]}],"urls":[],"user_mentions":[{"screen_name":"SenWarren","name":"Elizabeth Warren","id":970207298,"id_str":"970207298","indices":[3,13]}],"symbols":[]},"favorited":false,"retweeted":false,"filter_level":"low","lang":"en","timestamp_ms":"1520460428166"},{"created_at":"Wed Mar 07 22:07:08 +0000 2018","id":971507568181784600,"id_str":"971507568181784578","text":"RT @FabricioWerdum: Hey guys to make it clear I spoke about maybe doing Lucha libre in México. Not WWE. I meant wwe style(pro wrestling) bu…","source":"<a href=\"http://twitter.com\" rel=\"nofollow\">Twitter Web Client</a>","truncated":false,"in_reply_to_status_id":null,"in_reply_to_status_id_str":null,"in_reply_to_user_id":null,"in_reply_to_user_id_str":null,"in_reply_to_screen_name":null,"user":{"id":1411719067,"id_str":"1411719067","name":"Sean MB","screen_name":"UFCFaceSwap","location":"Parts Unknown","url":"https://www.youtube.com/channel/UCi2LS8CMzRmG5imuEYtINMQ","description":"Faceswapper, Matchmaker, Gamer, YouTuber.","translator_type":"none","protected":false,"verified":false,"followers_count":880,"friends_count":570,"listed_count":23,"favourites_count":1346,"statuses_count":18912,"created_at":"Wed May 08 01:50:50 +0000 2013","utc_offset":-25200,"time_zone":"Arizona","geo_enabled":true,"lang":"en","contributors_enabled":false,"is_translator":false,"profile_background_color":"C0DEED","profile_background_image_url":"http://abs.twimg.com/images/themes/theme1/bg.png","profile_background_image_url_https":"https://abs.twimg.com/images/themes/theme1/bg.png","profile_background_tile":false,"profile_link_color":"1DA1F2","profile_sidebar_border_color":"C0DEED","profile_sidebar_fill_color":"DDEEF6","profile_text_color":"333333","profile_use_background_image":true,"profile_image_url":"http://pbs.twimg.com/profile_images/562404891679662080/egecpOTv_normal.png","profile_image_url_https":"https://pbs.twimg.com/profile_images/562404891679662080/egecpOTv_normal.png","profile_banner_url":"https://pbs.twimg.com/profile_banners/1411719067/1503960679","default_profile":true,"default_profile_image":false,"following":null,"follow_request_sent":null,"notifications":null},"geo":null,"coordinates":null,"place":null,"contributors":null,"retweeted_status":{"created_at":"Wed Mar 07 21:28:28 +0000 2018","id":971497835613978600,"id_str":"971497835613978624","text":"Hey guys to make it clear I spoke about maybe doing Lucha libre in México. Not WWE. I meant wwe style(pro wrestling… https://t.co/eNWA7UYkgD","source":"<a href=\"http://twitter.com/download/iphone\" rel=\"nofollow\">Twitter for iPhone</a>","truncated":true,"in_reply_to_status_id":null,"in_reply_to_status_id_str":null,"in_reply_to_user_id":null,"in_reply_to_user_id_str":null,"in_reply_to_screen_name":null,"user":{"id":40502070,"id_str":"40502070","name":"Fabricio Werdum","screen_name":"FabricioWerdum","location":"California","url":"http://www.fabriciowerdum.com.br","description":"UFC Heavy Weight werdum_c_team. Contact for appearances & sponsors: felipesports@hotmail.com  alijudo96@yahoo.com  (USA)","translator_type":"none","protected":false,"verified":true,"followers_count":342374,"friends_count":5759,"listed_count":1390,"favourites_count":422,"statuses_count":18369,"created_at":"Sat May 16 17:18:44 +0000 2009","utc_offset":-28800,"time_zone":"Pacific Time (US & Canada)","geo_enabled":true,"lang":"es","contributors_enabled":false,"is_translator":false,"profile_background_color":"FFFFFF","profile_background_image_url":"http://pbs.twimg.com/profile_background_images/442474324180488193/WckEC6KB.png","profile_background_image_url_https":"https://pbs.twimg.com/profile_background_images/442474324180488193/WckEC6KB.png","profile_background_tile":false,"profile_link_color":"1852A8","profile_sidebar_border_color":"000000","profile_sidebar_fill_color":"EFEFEF","profile_text_color":"333333","profile_use_background_image":false,"profile_image_url":"http://pbs.twimg.com/profile_images/860339698107129856/ev8nIpba_normal.jpg","profile_image_url_https":"https://pbs.twimg.com/profile_images/860339698107129856/ev8nIpba_normal.jpg","profile_banner_url":"https://pbs.twimg.com/profile_banners/40502070/1513224841","default_profile":false,"default_profile_image":false,"following":null,"follow_request_sent":null,"notifications":null},"geo":null,"coordinates":null,"place":null,"contributors":null,"is_quote_status":false,"extended_tweet":{"full_text":"Hey guys to make it clear I spoke about maybe doing Lucha libre in México. Not WWE. I meant wwe style(pro wrestling) but I am a @ufc fighter and my focus 100% is fighting in the ufc and whatever decision I make after my fighting career @danawhite @Mickmaynard2 will be involved.","display_text_range":[0,278],"entities":{"hashtags":[],"urls":[],"user_mentions":[{"screen_name":"ufc","name":"UFC","id":6446742,"id_str":"6446742","indices":[128,132]},{"screen_name":"danawhite","name":"Dana White","id":21586418,"id_str":"21586418","indices":[236,246]},{"screen_name":"Mickmaynard2","name":"Mick Maynard","id":612180984,"id_str":"612180984","indices":[247,260]}],"symbols":[]}},"quote_count":4,"reply_count":2,"retweet_count":21,"favorite_count":90,"entities":{"hashtags":[],"urls":[{"url":"https://t.co/eNWA7UYkgD","expanded_url":"https://twitter.com/i/web/status/971497835613978624","display_url":"twitter.com/i/web/status/9…","indices":[117,140]}],"user_mentions":[],"symbols":[]},"favorited":false,"retweeted":false,"filter_level":"low","lang":"en"},"is_quote_status":false,"quote_count":0,"reply_count":0,"retweet_count":0,"favorite_count":0,"entities":{"hashtags":[],"urls":[],"user_mentions":[{"screen_name":"FabricioWerdum","name":"Fabricio Werdum","id":40502070,"id_str":"40502070","indices":[3,18]}],"symbols":[]},"favorited":false,"retweeted":false,"filter_level":"low","lang":"en","timestamp_ms":"1520460428649"}]